GSTIN,FORMAT
18AACCT6259K1C5,"Normal, Composite, Casual"
13AACCT6259K1CF,"Normal, Composite, Casual"
18AACCT6259K1C5,"Normal, Composite, Casual"
18AACCT6259K1C5,"Normal, Composite, Casual"
13AACCT6259K1CF,"Normal, Composite, Casual"
18AACCT6259K1C5,"Normal, Composite, Casual"
18AACCT6259K1C5,"Normal, Composite, Casual"
18AACCT6259K1C5,"Normal, Composite, Casual"
18AACCT6259K1C5,"Normal, Composite, Casual"
13AACCT6259K1CF,"Normal, Composite, Casual"
18AACCT6259K1C5,"Normal, Composite, Casual"
18AACCT6259K1C5,"Normal, Composite, Casual"
18AACCT6259K1C5,"Normal, Composite, Casual"
18AACCT6259K1C5,"Normal, Composite, Casual"
13AACCT6259K1CF,"Normal, Composite, Casual"
18AACCT6259K1C5,"Normal, Composite, Casual"
18AACCT6259K1C5,"Normal, Composite, Casual"
13AACCT6259K1CF,"Normal, Composite, Casual"
13AACCT6259K1CF,"Normal, Composite, Casual"
13AACCT6259K1CF,"Normal, Composite, Casual"
13AACCT6259K1CF,"Normal, Composite, Casual"
13AACCT6259K1CF,"Normal, Composite, Casual"
13AACCT6259K1CF,"Normal, Composite, Casual"
13AACCT6259K1CF,"Normal, Composite, Casual"
13AACCT6259K1CF,"Normal, Composite, Casual"
13AACCT6259K1CF,"Normal, Composite, Casual"
24AACCT6259K1CC,"Normal, Composite, Casual"
24AACCT6259K1CC,"Normal, Composite, Casual"
24AACCT6259K1CC,"Normal, Composite, Casual"
24AACCT6259K1CC,"Normal, Composite, Casual"
24AACCT6259K1CC,"Normal, Composite, Casual"
24AACCT6259K1CC,"Normal, Composite, Casual"
24AACCT6259K1CC,"Normal, Composite, Casual"
24AACCT6259K1CC,"Normal, Composite, Casual"
24AACCT6259K1CC,"Normal, Composite, Casual"
24AACCT6259K1CC,"Normal, Composite, Casual"
24AACCT6259K1CC,"Normal, Composite, Casual"
16AACCT6259K1C9,"Normal, Composite, Casual"
24AACCT6259K1CC,"Normal, Composite, Casual"
16AACCT6259K1C9,"Normal, Composite, Casual"
16AACCT6259K1C9,"Normal, Composite, Casual"
16AACCT6259K1C9,"Normal, Composite, Casual"
16AACCT6259K1C9,"Normal, Composite, Casual"
16AACCT6259K1C9,"Normal, Composite, Casual"
24AACCT6259K1CC,"Normal, Composite, Casual"
16AACCT6259K1C9,"Normal, Composite, Casual"
16AACCT6259K1C9,"Normal, Composite, Casual"
16AACCT6259K1C9,"Normal, Composite, Casual"
16AACCT6259K1C9,"Normal, Composite, Casual"
16AACCT6259K1C9,"Normal, Composite, Casual"
16AACCT6259K1C9,"Normal, Composite, Casual"
16AACCT6259K1C9,"Normal, Composite, Casual"
22AACCT6259K1CG,"Normal, Composite, Casual"
22AACCT6259K1CG,"Normal, Composite, Casual"
22AACCT6259K1CG,"Normal, Composite, Casual"
22AACCT6259K1CG,"Normal, Composite, Casual"
22AACCT6259K1CG,"Normal, Composite, Casual"
22AACCT6259K1CG,"Normal, Composite, Casual"
22AACCT6259K1CG,"Normal, Composite, Casual"
22AACCT6259K1CG,"Normal, Composite, Casual"
22AACCT6259K1CG,"Normal, Composite, Casual"
22AACCT6259K1CG,"Normal, Composite, Casual"
22AACCT6259K1CG,"Normal, Composite, Casual"
22AACCT6259K1CG,"Normal, Composite, Casual"
20AACCT6259K1CK,"Normal, Composite, Casual"
20AACCT6259K1CK,"Normal, Composite, Casual"
22AACCT6259K1CG,"Normal, Composite, Casual"
20AACCT6259K1CK,"Normal, Composite, Casual"
20AACCT6259K1CK,"Normal, Composite, Casual"
20AACCT6259K1CK,"Normal, Composite, Casual"
20AACCT6259K1CK,"Normal, Composite, Casual"
20AACCT6259K1CK,"Normal, Composite, Casual"
20AACCT6259K1CK,"Normal, Composite, Casual"
20AACCT6259K1CK,"Normal, Composite, Casual"
20AACCT6259K1CK,"Normal, Composite, Casual"
20AACCT6259K1CK,"Normal, Composite, Casual"
20AACCT6259K1CK,"Normal, Composite, Casual"
17AACCT6259K1C7,"Normal, Composite, Casual"
17AACCT6259K1C7,"Normal, Composite, Casual"
17AACCT6259K1C7,"Normal, Composite, Casual"
17AACCT6259K1C7,"Normal, Composite, Casual"
17AACCT6259K1C7,"Normal, Composite, Casual"
20AACCT6259K1CK,"Normal, Composite, Casual"
17AACCT6259K1C7,"Normal, Composite, Casual"
17AACCT6259K1C7,"Normal, Composite, Casual"
17AACCT6259K1C7,"Normal, Composite, Casual"
17AACCT6259K1C7,"Normal, Composite, Casual"
17AACCT6259K1C7,"Normal, Composite, Casual"
17AACCT6259K1C7,"Normal, Composite, Casual"
17AACCT6259K1C7,"Normal, Composite, Casual"
17AACCT6259K1C7,"Normal, Composite, Casual"
37AACCT6259K1C5,"Normal, Composite, Casual"
37AACCT6259K1C5,"Normal, Composite, Casual"
37AACCT6259K1C5,"Normal, Composite, Casual"
37AACCT6259K1C5,"Normal, Composite, Casual"
37AACCT6259K1C5,"Normal, Composite, Casual"
37AACCT6259K1C5,"Normal, Composite, Casual"
37AACCT6259K1C5,"Normal, Composite, Casual"
37AACCT6259K1C5,"Normal, Composite, Casual"
37AACCT6259K1C5,"Normal, Composite, Casual"
37AACCT6259K1C5,"Normal, Composite, Casual"
37AACCT6259K1C5,"Normal, Composite, Casual"
37AACCT6259K1C5,"Normal, Composite, Casual"
37AACCT6259K1C5,"Normal, Composite, Casual"
19AACCT6259K1C3,"Normal, Composite, Casual"
19AACCT6259K1C3,"Normal, Composite, Casual"
19AACCT6259K1C3,"Normal, Composite, Casual"
19AACCT6259K1C3,"Normal, Composite, Casual"
19AACCT6259K1C3,"Normal, Composite, Casual"
19AACCT6259K1C3,"Normal, Composite, Casual"
19AACCT6259K1C3,"Normal, Composite, Casual"
19AACCT6259K1C3,"Normal, Composite, Casual"
19AACCT6259K1C3,"Normal, Composite, Casual"
19AACCT6259K1C3,"Normal, Composite, Casual"
19AACCT6259K1C3,"Normal, Composite, Casual"
19AACCT6259K1C3,"Normal, Composite, Casual"
19AACCT6259K1C3,"Normal, Composite, Casual"
02AACCT6259K1CI,"Normal, Composite, Casual"
02AACCT6259K1CI,"Normal, Composite, Casual"
02AACCT6259K1CI,"Normal, Composite, Casual"
02AACCT6259K1CI,"Normal, Composite, Casual"
02AACCT6259K1CI,"Normal, Composite, Casual"
02AACCT6259K1CI,"Normal, Composite, Casual"
02AACCT6259K1CI,"Normal, Composite, Casual"
02AACCT6259K1CI,"Normal, Composite, Casual"
02AACCT6259K1CI,"Normal, Composite, Casual"
02AACCT6259K1CI,"Normal, Composite, Casual"
02AACCT6259K1CI,"Normal, Composite, Casual"
02AACCT6259K1CI,"Normal, Composite, Casual"
02AACCT6259K1CI,"Normal, Composite, Casual"
11AACCT6259K1CJ,"Normal, Composite, Casual"
11AACCT6259K1CJ,"Normal, Composite, Casual"
11AACCT6259K1CJ,"Normal, Composite, Casual"
11AACCT6259K1CJ,"Normal, Composite, Casual"
11AACCT6259K1CJ,"Normal, Composite, Casual"
11AACCT6259K1CJ,"Normal, Composite, Casual"
11AACCT6259K1CJ,"Normal, Composite, Casual"
11AACCT6259K1CJ,"Normal, Composite, Casual"
11AACCT6259K1CJ,"Normal, Composite, Casual"
11AACCT6259K1CJ,"Normal, Composite, Casual"
11AACCT6259K1CJ,"Normal, Composite, Casual"
11AACCT6259K1CJ,"Normal, Composite, Casual"
11AACCT6259K1CJ,"Normal, Composite, Casual"
29AACCT6259K1C2,"Normal, Composite, Casual"
29AACCT6259K1C2,"Normal, Composite, Casual"
29AACCT6259K1C2,"Normal, Composite, Casual"
29AACCT6259K1C2,"Normal, Composite, Casual"
29AACCT6259K1C2,"Normal, Composite, Casual"
29AACCT6259K1C2,"Normal, Composite, Casual"
29AACCT6259K1C2,"Normal, Composite, Casual"
29AACCT6259K1C2,"Normal, Composite, Casual"
29AACCT6259K1C2,"Normal, Composite, Casual"
29AACCT6259K1C2,"Normal, Composite, Casual"
29AACCT6259K1C2,"Normal, Composite, Casual"
29AACCT6259K1C2,"Normal, Composite, Casual"
34AACCT6259K1CB,"Normal, Composite, Casual"
29AACCT6259K1C2,"Normal, Composite, Casual"
34AACCT6259K1CB,"Normal, Composite, Casual"
34AACCT6259K1CB,"Normal, Composite, Casual"
34AACCT6259K1CB,"Normal, Composite, Casual"
34AACCT6259K1CB,"Normal, Composite, Casual"
34AACCT6259K1CB,"Normal, Composite, Casual"
34AACCT6259K1CB,"Normal, Composite, Casual"
34AACCT6259K1CB,"Normal, Composite, Casual"
34AACCT6259K1CB,"Normal, Composite, Casual"
34AACCT6259K1CB,"Normal, Composite, Casual"
34AACCT6259K1CB,"Normal, Composite, Casual"
34AACCT6259K1CB,"Normal, Composite, Casual"
35AACCT6259K1C9,"Normal, Composite, Casual"
35AACCT6259K1C9,"Normal, Composite, Casual"
35AACCT6259K1C9,"Normal, Composite, Casual"
34AACCT6259K1CB,"Normal, Composite, Casual"
35AACCT6259K1C9,"Normal, Composite, Casual"
35AACCT6259K1C9,"Normal, Composite, Casual"
35AACCT6259K1C9,"Normal, Composite, Casual"
35AACCT6259K1C9,"Normal, Composite, Casual"
35AACCT6259K1C9,"Normal, Composite, Casual"
35AACCT6259K1C9,"Normal, Composite, Casual"
35AACCT6259K1C9,"Normal, Composite, Casual"
35AACCT6259K1C9,"Normal, Composite, Casual"
35AACCT6259K1C9,"Normal, Composite, Casual"
33AACCT6259K1CD,"Normal, Composite, Casual"
33AACCT6259K1CD,"Normal, Composite, Casual"
35AACCT6259K1C9,"Normal, Composite, Casual"
33AACCT6259K1CD,"Normal, Composite, Casual"
33AACCT6259K1CD,"Normal, Composite, Casual"
33AACCT6259K1CD,"Normal, Composite, Casual"
33AACCT6259K1CD,"Normal, Composite, Casual"
33AACCT6259K1CD,"Normal, Composite, Casual"
33AACCT6259K1CD,"Normal, Composite, Casual"
33AACCT6259K1CD,"Normal, Composite, Casual"
33AACCT6259K1CD,"Normal, Composite, Casual"
33AACCT6259K1CD,"Normal, Composite, Casual"
33AACCT6259K1CD,"Normal, Composite, Casual"
33AACCT6259K1CD,"Normal, Composite, Casual"
03AACCT6259K1CG,"Normal, Composite, Casual"
03AACCT6259K1CG,"Normal, Composite, Casual"
03AACCT6259K1CG,"Normal, Composite, Casual"
03AACCT6259K1CG,"Normal, Composite, Casual"
03AACCT6259K1CG,"Normal, Composite, Casual"
03AACCT6259K1CG,"Normal, Composite, Casual"
03AACCT6259K1CG,"Normal, Composite, Casual"
03AACCT6259K1CG,"Normal, Composite, Casual"
03AACCT6259K1CG,"Normal, Composite, Casual"
03AACCT6259K1CG,"Normal, Composite, Casual"
03AACCT6259K1CG,"Normal, Composite, Casual"
03AACCT6259K1CG,"Normal, Composite, Casual"
31AACCT6259K1CH,"Normal, Composite, Casual"
31AACCT6259K1CH,"Normal, Composite, Casual"
31AACCT6259K1CH,"Normal, Composite, Casual"
03AACCT6259K1CG,"Normal, Composite, Casual"
31AACCT6259K1CH,"Normal, Composite, Casual"
31AACCT6259K1CH,"Normal, Composite, Casual"
31AACCT6259K1CH,"Normal, Composite, Casual"
31AACCT6259K1CH,"Normal, Composite, Casual"
31AACCT6259K1CH,"Normal, Composite, Casual"
31AACCT6259K1CH,"Normal, Composite, Casual"
31AACCT6259K1CH,"Normal, Composite, Casual"
31AACCT6259K1CH,"Normal, Composite, Casual"
31AACCT6259K1CH,"Normal, Composite, Casual"
31AACCT6259K1CH,"Normal, Composite, Casual"
38AACCT6259K1C3,"Normal, Composite, Casual"
38AACCT6259K1C3,"Normal, Composite, Casual"
38AACCT6259K1C3,"Normal, Composite, Casual"
38AACCT6259K1C3,"Normal, Composite, Casual"
38AACCT6259K1C3,"Normal, Composite, Casual"
38AACCT6259K1C3,"Normal, Composite, Casual"
38AACCT6259K1C3,"Normal, Composite, Casual"
38AACCT6259K1C3,"Normal, Composite, Casual"
38AACCT6259K1C3,"Normal, Composite, Casual"
38AACCT6259K1C3,"Normal, Composite, Casual"
38AACCT6259K1C3,"Normal, Composite, Casual"
38AACCT6259K1C3,"Normal, Composite, Casual"
38AACCT6259K1C3,"Normal, Composite, Casual"
07AACCT6259K1C8,"Normal, Composite, Casual"
07AACCT6259K1C8,"Normal, Composite, Casual"
07AACCT6259K1C8,"Normal, Composite, Casual"
07AACCT6259K1C8,"Normal, Composite, Casual"
07AACCT6259K1C8,"Normal, Composite, Casual"
07AACCT6259K1C8,"Normal, Composite, Casual"
07AACCT6259K1C8,"Normal, Composite, Casual"
07AACCT6259K1C8,"Normal, Composite, Casual"
07AACCT6259K1C8,"Normal, Composite, Casual"
07AACCT6259K1C8,"Normal, Composite, Casual"
07AACCT6259K1C8,"Normal, Composite, Casual"
07AACCT6259K1C8,"Normal, Composite, Casual"
07AACCT6259K1C8,"Normal, Composite, Casual"
32AACCT6259K1CF,"Normal, Composite, Casual"
32AACCT6259K1CF,"Normal, Composite, Casual"
32AACCT6259K1CF,"Normal, Composite, Casual"
32AACCT6259K1CF,"Normal, Composite, Casual"
32AACCT6259K1CF,"Normal, Composite, Casual"
32AACCT6259K1CF,"Normal, Composite, Casual"
32AACCT6259K1CF,"Normal, Composite, Casual"
32AACCT6259K1CF,"Normal, Composite, Casual"
32AACCT6259K1CF,"Normal, Composite, Casual"
12AACCT6259K1CH,"Normal, Composite, Casual"
32AACCT6259K1CF,"Normal, Composite, Casual"
32AACCT6259K1CF,"Normal, Composite, Casual"
32AACCT6259K1CF,"Normal, Composite, Casual"
32AACCT6259K1CF,"Normal, Composite, Casual"
12AACCT6259K1CH,"Normal, Composite, Casual"
12AACCT6259K1CH,"Normal, Composite, Casual"
12AACCT6259K1CH,"Normal, Composite, Casual"
12AACCT6259K1CH,"Normal, Composite, Casual"
12AACCT6259K1CH,"Normal, Composite, Casual"
12AACCT6259K1CH,"Normal, Composite, Casual"
12AACCT6259K1CH,"Normal, Composite, Casual"
12AACCT6259K1CH,"Normal, Composite, Casual"
12AACCT6259K1CH,"Normal, Composite, Casual"
12AACCT6259K1CH,"Normal, Composite, Casual"
12AACCT6259K1CH,"Normal, Composite, Casual"
12AACCT6259K1CH,"Normal, Composite, Casual"
04AACCT6259K1CE,"Normal, Composite, Casual"
04AACCT6259K1CE,"Normal, Composite, Casual"
04AACCT6259K1CE,"Normal, Composite, Casual"
04AACCT6259K1CE,"Normal, Composite, Casual"
04AACCT6259K1CE,"Normal, Composite, Casual"
04AACCT6259K1CE,"Normal, Composite, Casual"
04AACCT6259K1CE,"Normal, Composite, Casual"
04AACCT6259K1CE,"Normal, Composite, Casual"
04AACCT6259K1CE,"Normal, Composite, Casual"
04AACCT6259K1CE,"Normal, Composite, Casual"
04AACCT6259K1CE,"Normal, Composite, Casual"
04AACCT6259K1CE,"Normal, Composite, Casual"
04AACCT6259K1CE,"Normal, Composite, Casual"
09AACCT6259K1C4,"Normal, Composite, Casual"
09AACCT6259K1C4,"Normal, Composite, Casual"
09AACCT6259K1C4,"Normal, Composite, Casual"
09AACCT6259K1C4,"Normal, Composite, Casual"
09AACCT6259K1C4,"Normal, Composite, Casual"
09AACCT6259K1C4,"Normal, Composite, Casual"
09AACCT6259K1C4,"Normal, Composite, Casual"
09AACCT6259K1C4,"Normal, Composite, Casual"
09AACCT6259K1C4,"Normal, Composite, Casual"
09AACCT6259K1C4,"Normal, Composite, Casual"
01AACCT6259K1CK,"Normal, Composite, Casual"
09AACCT6259K1C4,"Normal, Composite, Casual"
09AACCT6259K1C4,"Normal, Composite, Casual"
01AACCT6259K1CK,"Normal, Composite, Casual"
01AACCT6259K1CK,"Normal, Composite, Casual"
01AACCT6259K1CK,"Normal, Composite, Casual"
01AACCT6259K1CK,"Normal, Composite, Casual"
01AACCT6259K1CK,"Normal, Composite, Casual"
01AACCT6259K1CK,"Normal, Composite, Casual"
01AACCT6259K1CK,"Normal, Composite, Casual"
09AACCT6259K1C4,"Normal, Composite, Casual"
01AACCT6259K1CK,"Normal, Composite, Casual"
01AACCT6259K1CK,"Normal, Composite, Casual"
01AACCT6259K1CK,"Normal, Composite, Casual"
01AACCT6259K1CK,"Normal, Composite, Casual"
23AACCT6259K1CE,"Normal, Composite, Casual"
23AACCT6259K1CE,"Normal, Composite, Casual"
23AACCT6259K1CE,"Normal, Composite, Casual"
23AACCT6259K1CE,"Normal, Composite, Casual"
23AACCT6259K1CE,"Normal, Composite, Casual"
23AACCT6259K1CE,"Normal, Composite, Casual"
23AACCT6259K1CE,"Normal, Composite, Casual"
01AACCT6259K1CK,"Normal, Composite, Casual"
23AACCT6259K1CE,"Normal, Composite, Casual"
23AACCT6259K1CE,"Normal, Composite, Casual"
23AACCT6259K1CE,"Normal, Composite, Casual"
23AACCT6259K1CE,"Normal, Composite, Casual"
23AACCT6259K1CE,"Normal, Composite, Casual"
21AACCT6259K1CI,"Normal, Composite, Casual"
23AACCT6259K1CE,"Normal, Composite, Casual"
21AACCT6259K1CI,"Normal, Composite, Casual"
21AACCT6259K1CI,"Normal, Composite, Casual"
21AACCT6259K1CI,"Normal, Composite, Casual"
21AACCT6259K1CI,"Normal, Composite, Casual"
21AACCT6259K1CI,"Normal, Composite, Casual"
21AACCT6259K1CI,"Normal, Composite, Casual"
21AACCT6259K1CI,"Normal, Composite, Casual"
21AACCT6259K1CI,"Normal, Composite, Casual"
21AACCT6259K1CI,"Normal, Composite, Casual"
21AACCT6259K1CI,"Normal, Composite, Casual"
21AACCT6259K1CI,"Normal, Composite, Casual"
21AACCT6259K1CI,"Normal, Composite, Casual"
05AACCT6259K1CC,"Normal, Composite, Casual"
05AACCT6259K1CC,"Normal, Composite, Casual"
05AACCT6259K1CC,"Normal, Composite, Casual"
05AACCT6259K1CC,"Normal, Composite, Casual"
05AACCT6259K1CC,"Normal, Composite, Casual"
05AACCT6259K1CC,"Normal, Composite, Casual"
05AACCT6259K1CC,"Normal, Composite, Casual"
05AACCT6259K1CC,"Normal, Composite, Casual"
05AACCT6259K1CC,"Normal, Composite, Casual"
05AACCT6259K1CC,"Normal, Composite, Casual"
05AACCT6259K1CC,"Normal, Composite, Casual"
05AACCT6259K1CC,"Normal, Composite, Casual"
05AACCT6259K1CC,"Normal, Composite, Casual"
26AACCT6259K1C8,"Normal, Composite, Casual"
26AACCT6259K1C8,"Normal, Composite, Casual"
26AACCT6259K1C8,"Normal, Composite, Casual"
26AACCT6259K1C8,"Normal, Composite, Casual"
26AACCT6259K1C8,"Normal, Composite, Casual"
26AACCT6259K1C8,"Normal, Composite, Casual"
26AACCT6259K1C8,"Normal, Composite, Casual"
26AACCT6259K1C8,"Normal, Composite, Casual"
26AACCT6259K1C8,"Normal, Composite, Casual"
26AACCT6259K1C8,"Normal, Composite, Casual"
26AACCT6259K1C8,"Normal, Composite, Casual"
26AACCT6259K1C8,"Normal, Composite, Casual"
26AACCT6259K1C8,"Normal, Composite, Casual"
08AACCT6259K1C6,"Normal, Composite, Casual"
08AACCT6259K1C6,"Normal, Composite, Casual"
08AACCT6259K1C6,"Normal, Composite, Casual"
08AACCT6259K1C6,"Normal, Composite, Casual"
08AACCT6259K1C6,"Normal, Composite, Casual"
08AACCT6259K1C6,"Normal, Composite, Casual"
08AACCT6259K1C6,"Normal, Composite, Casual"
08AACCT6259K1C6,"Normal, Composite, Casual"
08AACCT6259K1C6,"Normal, Composite, Casual"
08AACCT6259K1C6,"Normal, Composite, Casual"
08AACCT6259K1C6,"Normal, Composite, Casual"
08AACCT6259K1C6,"Normal, Composite, Casual"
08AACCT6259K1C6,"Normal, Composite, Casual"
30AACCT6259K1CJ,"Normal, Composite, Casual"
30AACCT6259K1CJ,"Normal, Composite, Casual"
30AACCT6259K1CJ,"Normal, Composite, Casual"
30AACCT6259K1CJ,"Normal, Composite, Casual"
30AACCT6259K1CJ,"Normal, Composite, Casual"
30AACCT6259K1CJ,"Normal, Composite, Casual"
30AACCT6259K1CJ,"Normal, Composite, Casual"
30AACCT6259K1CJ,"Normal, Composite, Casual"
30AACCT6259K1CJ,"Normal, Composite, Casual"
30AACCT6259K1CJ,"Normal, Composite, Casual"
30AACCT6259K1CJ,"Normal, Composite, Casual"
30AACCT6259K1CJ,"Normal, Composite, Casual"
30AACCT6259K1CJ,"Normal, Composite, Casual"
36AACCT6259K1C7,"Normal, Composite, Casual"
36AACCT6259K1C7,"Normal, Composite, Casual"
36AACCT6259K1C7,"Normal, Composite, Casual"
36AACCT6259K1C7,"Normal, Composite, Casual"
36AACCT6259K1C7,"Normal, Composite, Casual"
36AACCT6259K1C7,"Normal, Composite, Casual"
36AACCT6259K1C7,"Normal, Composite, Casual"
36AACCT6259K1C7,"Normal, Composite, Casual"
36AACCT6259K1C7,"Normal, Composite, Casual"
36AACCT6259K1C7,"Normal, Composite, Casual"
36AACCT6259K1C7,"Normal, Composite, Casual"
36AACCT6259K1C7,"Normal, Composite, Casual"
36AACCT6259K1C7,"Normal, Composite, Casual"
10AACCT6259K1CL,"Normal, Composite, Casual"
10AACCT6259K1CL,"Normal, Composite, Casual"
10AACCT6259K1CL,"Normal, Composite, Casual"
10AACCT6259K1CL,"Normal, Composite, Casual"
10AACCT6259K1CL,"Normal, Composite, Casual"
10AACCT6259K1CL,"Normal, Composite, Casual"
10AACCT6259K1CL,"Normal, Composite, Casual"
10AACCT6259K1CL,"Normal, Composite, Casual"
10AACCT6259K1CL,"Normal, Composite, Casual"
10AACCT6259K1CL,"Normal, Composite, Casual"
10AACCT6259K1CL,"Normal, Composite, Casual"
10AACCT6259K1CL,"Normal, Composite, Casual"
10AACCT6259K1CL,"Normal, Composite, Casual"
15AACCT6259K1CB,"Normal, Composite, Casual"
15AACCT6259K1CB,"Normal, Composite, Casual"
15AACCT6259K1CB,"Normal, Composite, Casual"
15AACCT6259K1CB,"Normal, Composite, Casual"
15AACCT6259K1CB,"Normal, Composite, Casual"
15AACCT6259K1CB,"Normal, Composite, Casual"
15AACCT6259K1CB,"Normal, Composite, Casual"
15AACCT6259K1CB,"Normal, Composite, Casual"
15AACCT6259K1CB,"Normal, Composite, Casual"
15AACCT6259K1CB,"Normal, Composite, Casual"
15AACCT6259K1CB,"Normal, Composite, Casual"
15AACCT6259K1CB,"Normal, Composite, Casual"
15AACCT6259K1CB,"Normal, Composite, Casual"
06AACCT6259K1CA,"Normal, Composite, Casual"
06AACCT6259K1CA,"Normal, Composite, Casual"
06AACCT6259K1CA,"Normal, Composite, Casual"
06AACCT6259K1CA,"Normal, Composite, Casual"
06AACCT6259K1CA,"Normal, Composite, Casual"
06AACCT6259K1CA,"Normal, Composite, Casual"
06AACCT6259K1CA,"Normal, Composite, Casual"
06AACCT6259K1CA,"Normal, Composite, Casual"
06AACCT6259K1CA,"Normal, Composite, Casual"
06AACCT6259K1CA,"Normal, Composite, Casual"
06AACCT6259K1CA,"Normal, Composite, Casual"
06AACCT6259K1CA,"Normal, Composite, Casual"
06AACCT6259K1CA,"Normal, Composite, Casual"
14AACCT6259K1CD,"Normal, Composite, Casual"
14AACCT6259K1CD,"Normal, Composite, Casual"
14AACCT6259K1CD,"Normal, Composite, Casual"
14AACCT6259K1CD,"Normal, Composite, Casual"
14AACCT6259K1CD,"Normal, Composite, Casual"
14AACCT6259K1CD,"Normal, Composite, Casual"
14AACCT6259K1CD,"Normal, Composite, Casual"
14AACCT6259K1CD,"Normal, Composite, Casual"
14AACCT6259K1CD,"Normal, Composite, Casual"
14AACCT6259K1CD,"Normal, Composite, Casual"
14AACCT6259K1CD,"Normal, Composite, Casual"
14AACCT6259K1CD,"Normal, Composite, Casual"
14AACCT6259K1CD,"Normal, Composite, Casual"
